ID,"input word",pronounce,part-of-speech,translation,synonyms,alt-synonyms
16560,raider,ˈrādər,noun,támadó,attacker|aggressor|invader|assaulter|looter|marauder|reaver|reiver|depredator,fosztogató
16561,rail,rāl,noun,sín,railway|railroad|railing|barrier|handrail|balustrade|bar,vasút|korlát
16562,"rail  against",,,"sín ellen",,
16563,"rail at",,,"sín a",,
16564,railing,ˈrāliNG,noun,korlát,"barrier|rail|handrail|balustrade|bar|grid|lattice|grille|grating|screen|fence|procurement|paling|elbow rest|handrail|guard rail|banisters|balustrade",rács|kerítés|karfa
16565,raillery,ˈrālərē,noun,ugratás,teasing|banter|ragging|chaff|leg-pull,
16566,railroad,ˈrālˌrōd,noun,vasút,railway|rail,
16567,railway,,adjective,vasúti,,
16568,raiment,ˈrāmənt,noun,öltözet,"clothing|clothes|garb|trim|rig-out|clothes|attire|clothing department|vesture",ruházat
16569,rain,rān,noun,eső,"rainfall|shower|rain shower|downpour|heavy rain|volley",zápor
16570,rainbow,ˈrānˌbō,noun,szivárvány,,
16571,raincoat,ˈrānˌkōt,noun,esőkabát,"water jacket|mac|mackintosh|slicker",esőköpeny
16572,rainfall,ˈrānˌfôl,noun,csapadék,precipitation|precipitate|moisture|residual|rain,eső|esőzés
16573,rainspout,,,rainspout,,
16574,rainstorm,ˈrānˌstôrm,noun,felhőszakadás,drencher|downpour|pour|cloud-burst|waterspout,
16575,rainy,ˈrānē,adjective,esős,pluvious|pluvial,
16576,raise,rāz,verb,emel,"lift|hoist|up|heave|enhance|increase|enhance|extend|redouble|lift up|exalt|elevate|uplift|boost|erect|stick up|rig up|post|equip|form|establish",növel|felemel|felállít|megalakít
16577,raised,rāzd,adjective,emelt,high,
16578,rake,rāk,noun,gereblye,,
16579,raked,,verb,jutalékos,"rake|research|search|explore|quest|delve|investigate|get together|collect|rake|rake|rake",gereblyéz|kutat|összeszed|végigseper|végigpásztáz
16580,rakehell,,,rakehell,,
16581,rakehelly,,,rakehelly,,
16582,rakish,ˈrākiSH,adjective,hetyke,pert|cocksy|cavalier|dissolute|lecherous|profligate|dissipated|licentious,kicsapongó
16583,rakishness,,,rakishness,,
16584,rally,ˈralē,verb,gyülekezik,"convene|come together|pile up|accumulate|round up|assemble|hive|gather|mass|amass|come together|focus|concentrate|concentre|come together|center|come together|centre",összegyűjt|gyűlik|sereglik|összevon|összpontosít|összpontosul
16585,rallying,ˈralēiNG,verb,raliban,"rally|convene|come together|pile up|accumulate|round up|assemble|hive|rally|gather|rally|rally|mass|rally|amass|come together|focus|concentrate|concentre|come together|rally|center|come together|rally|centre",gyülekezik|összegyűjt|gyűlik|sereglik|összevon|összpontosít|összpontosul
16586,ram,ram,verb,kos,,döngöl|sulykol
16587,ramble,ˈrambəl,verb,sétál,"walk|stroll|have a walk|saunter|stretch one's legs|hang around|rove|roam|stroll|maunder|digress",kószál|elkalandozik
16588,rambler,ˈramb(ə)lər,noun,turista,tourist|hiker|sightseer|tripper|holiday-maker,"kószáló személy"
16589,rambling,ˈramb(ə)liNG,adjective,kószáló,migrant|vagrant|itinerant,kóborló
16590,rambunctious,ramˈbəNGkSHəs,adjective,vad,wild|fierce|savage|feral|rampant|unbridled|unrestrained|boisterous|turbulent|impetuous|noisy|blustery|loud|rowdy|clamorous|quarrelsome,féktelen|lármás|civakodó
16591,ramify,ˈraməˌfī,verb,elágaztat,branch|diverge,elágazik
16592,rampage,ˈramˌpāj,verb,tombol,"rage|storm|rage|boil over|be angry",dühöng
16593,rampant,ˈrampənt,adjective,ágaskodó,wild|fierce|savage|feral|rambunctious|lush|luxuriant|wanton|lewd|luscious,vad|buja
16594,ramrod,ˈramˌräd,noun,puskavessző,pull-through,"szigorú főnök"
16595,ranch,ranCH,noun,tanya,farm|farmstead|homestead|haunt|bowery|yard|plantation|farm,"telep|állattenyésztő farm"
16596,rancid,ˈransid,adjective,avas,musty,
16597,rancor,ˈraNGkər,noun,harag,anger|wrath|rage|fury|ire|hate|hatred|abhorrence|detestation|rancour|hate|fomentation|rancour,gyűlölet|gyűlölködés
16598,rancorous,ˈraNGkərrəs,adjective,gyűlölködő,malignant|malevolent|ill-disposed,haragtartó|rosszakaratú
16599,random,ˈrandəm,adjective,véletlen,accidental|incidental|adventitious|fortuitous|occasional,
16600,randomly,,,véletlenszerűen,,
16601,randy,ˈrandē,adjective,durva,rough|coarse|harsh|rude|crass|violent|overbearing|fierce|strong-arm|high-handed,lármázó|erőszakos
16602,range,rānj,noun,hatótávolság,"line|row|array|rank|tier|series|sequence|line|suite|succession|selection|choice|assortment|variety|scale|rifle range|gunshot|shooting range|ground",sor|sorozat|választék|skála|lőtávolság|lőtér|hordtávolság
16603,ranging,,noun,körű,"adjustment|adjustment of fire|registration fire|cross-check|reconnaissance|detection|scout|discovery|exploration",belövés|bemérés|felderítés|kiszámítás
16604,rangy,ˈrānjē,adjective,karcsú,slim|slender|svelte|lithe|lank,hegyes-völgyes
16605,rank,raNGk,noun,rang,order|title|dignity|line|row|range|array|tier|post|assignment|disposition|calibration|grade|formation|groups,"sor|beosztás|rendfokozat|felsorakoztat|alakzat|magasabb rendfokozatú"
16606,"rank and file",,noun,közkatonák,men,"legénységi állomány"
16607,ranking,,verb,rangsor,rank|classify|number|refer|enroll|list,besorol
16608,rankle,ˈraNGkəl,verb,elmérgesedik,suppurate,sajog|gennyed
16609,rankled,ˈraNGkəl,verb,rankled,rankle|rankle|suppurate|rankle,elmérgesedik|sajog|gennyed
16610,rankling,,verb,rankling,rankle|rankle|suppurate|rankle,elmérgesedik|sajog|gennyed
16611,ransack,"ranˈsak,ˈranˌsak",verb,kifoszt,plunder|raid|despoil|reave|reive|rob|waylay|loot|plunder|rummage|frisk,kirabol|átkutat
16612,ransom,ˈransəm,noun,váltságdíj,triggering|initiation,kiváltás
16613,rant,rant,verb,henceg,brag|swagger|swank,"üresen fecseg"
16614,"rant at",,,rant,,
16615,rap,rap,noun,koppintás,flick|fillip,fricska
16616,rapacious,rəˈpāSHəs,adjective,kapzsi,greedy|grasping|avaricious|covetous|extortionate|carnivorous|raptorial|predacious|vulturous|lupine|insatiable|voracious|grasping|insatiate,ragadozó|telhetetlen
16617,rapaciousness,,,rapaciousness,,
16618,rapacity,rəˈpasətē,noun,kapzsiság,greed|avarice|greediness|voracity|insatiability,"ragadozó természet|telhetetlenség"
16619,rape,rāp,noun,erőszak,violence|force|outrage|might|ravishment,megerőszakolás|elrablás
16620,rapid,ˈrapid,adjective,gyors,fast|quick|swift|prompt|speedy|sudden|abrupt|hasty|heady|headlong|swift|wounded|speedy,hirtelen|sebes
16621,rapid-fire,,adjective,gyorstüzelő,,
16622,rapidity,rəˈpidətē,noun,gyorsaság,speed|agility|promptness|fastness|quickness|speed|velocity|gear|pace|swiftness|rashness|abruptness,sebesség|hirtelenség
16623,rapidly,,,gyorsan,,
16624,rapidness,,,gyorsaság,,
16625,rapport,,,jelentés,,
16626,rapprochement,"-ˌrôSH-,ˌrapˌrōSHˈmäN",noun,kiengesztelődés,reconciliation,kibékülés
16627,rapscallion,rapˈskalyən,noun,csirkefogó,scoundrel|scamp|cad,
16628,rapt,rapt,adjective,elbűvölt,fascinated|rapturous|spell-bound|immersed|sunken,elmerült
16629,raptorial,rapˈtôrēəl,adjective,ragadozó,carnivorous|rapacious|predacious|vulturous|lupine,
16630,rapture,ˈrapCHər,noun,elragadtatás,,gyönyör|megrészegülés
16631,rapturous,ˈrapCHərəs,adjective,elragadtatott,ecstatic|overjoyed|fascinated|rapt|spell-bound,elbűvölt
16632,rare,re(ə)r,adjective,ritka,"uncommon|scarce|sparse|infrequent|exceptional|unique|extraordinary|out of the ordinary|exceptive|half-baked|bloody|gory|sanguinary|ensanguined","kivételes|félig sült|véres|angolosan sült"
16633,raree-show,"ˈre(ə)rē ˌSHō",noun,"raree jelenés","raree show","vásári látványosság"
16634,rarely,ˈre(ə)rlē,adverb,ritkán,"seldom|infrequently|occasionally|every once in a while|exceptionally",kivételesen
16635,raring,ˈre(ə)riNG,,raring,,
16636,rarity,ˈre(ə)ritē,noun,ritkaság,"rareness|rara avis",kuriózum
16637,rascal,ˈraskəl,noun,gazember,rogue|villain|bastard|scoundrel|bugger|hound,"hitvány ember"
16638,rascality,,noun,gazemberség,,
16639,rascally,,adjective,csibész,,
16640,rash,raSH,noun,kiütés,knockout|kayo|huff|papula|pimple,pörsenés
16641,rashly,,adverb,meggondolatlanul,headlong|unadvisedly,
16642,rasp,rasp,noun,reszelő,file,ráspoly
16643,raspberry,"-b(ə)rē,ˈrazˌberē",noun,málna,,
16644,rasping,ˈraspiNG,verb,reszelés,file|grate|rasp|rasp,reszel|ráspolyoz
16645,raspy,,,érdes,,
16646,rassle,rassle,,csomag,,
16647,rat,rat,noun,patkány,ratty,pártáruló
16648,"rat fink",,,"patkány finch",,
16649,"rat on",,,patkány,,
16650,"ratchet down",,,racsnis,,
16651,rate,rāt,noun,arány,"proportion|degree|grade|extent|cape|phase|tariff|fee|through fare|through rate",fok|díjszabás
16652,rather,"ˈraT͟Hər,ˈräT͟Hər,ˈrəT͟Hər",adverb,Inkább,more|preferably|fairly|pretty|reasonably|enough,inkább|meglehetősen
16653,ratify,ˈratəˌfī,verb,ratifikálják,approve|sanction|affirm|assent|endorse|codify,"ratifikál|jóváhagy|törvénybe iktat"
16654,ratio,"ˈrāSHēˌō,ˈrāSHō",noun,hányados,quotient|affair|relationship|commerce,viszony|arányszám|viszonyszám
16655,ratiocination,,,ratiocination,,
16656,ration,"ˈraSHən,ˈrā-",noun,adag,"dose|portion|order|level of ration","élelmiszeradag|jegyre adagolás"
16657,rational,"ˈraSHnəl,ˈraSHənl",adjective,racionális,reasonable|logical|feasible,ésszerű
16658,rationale,ˌraSHəˈnal,noun,logika,foundations|bedrock|meaning|intellect|reason|intelligence|mind,alapok|értelem
16659,rationalize,"ˈraSHnəˌlīz,ˈraSHənlˌīz",verb,ésszerűsítése,,racionalizál|ésszerűsít
16660,rattle,ˈratl,noun,Csörgő,rattler,csörgő
16661,rattlebrain,,noun,"üresfejű ember",,
16662,rattling,"ˈratl-iNG,ˈratliNG",adjective,zajos,noisy|loud|clamorous|vociferous|blatant,
16663,rattrap,,,utolérte,,
16664,ratty,ˈratē,adjective,vacak,lousy|measly|trashy|shoddy|potty,patkányszerű
16665,raucous,ˈrôkəs,adjective,"érdes hangú",,"rekedt hangú"
16666,raunch,"ränCH,rônCH",,raunch,,
16667,raunchiness,,,raunchiness,,
16668,raunchy,"ˈrän-,ˈrônCHē",,lerobbant,,
16669,ravage,ˈravij,noun,rombolás,destruction|havoc|demolition|depredation|destruction|demolition|wrecking|devastation,pusztítás
16670,rave,rāv,verb,félrebeszél,adore,"tombol tenger|rajong"
16671,"ravel out",,,"ravel ki",,
16672,raven,"ˈravən,ˈrāvən",noun,holló,corbie,
16673,ravenous,ˈravənəs,adjective,falánk,voracious|piggy|gourmand|piggish|hoggish,nagybélű
16674,ravine,rəˈvēn,noun,szakadék,gap|abyss|chasm|precipice|cleft|gully|gulch|nullah|corridor|donga,vízmosás
16675,ravish,ˈraviSH,verb,elragadtat,enrapture|delight,"megerőszakol nőt"
16676,ravishing,ˈraviSHiNG,adjective,elragadó,charming|captivating|adorable|fetching|pleasurable,
16677,ravishment,,noun,elrablás,rape,
16678,raw,rô,adjective,nyers,crude|harsh|rude|gruff|brusque|damp|clammy|moist|humid|dank|immature|unripe|green|crude|underripe,nyirkos|éretlen
16679,"raw deal",,noun,"komisz elbánás",,
16680,"raw material",,noun,nyersanyag,,
16681,rawhide,ˈrôˌhīd,adjective,nyersbőr,,
16682,rawness,,noun,nyerseség,crudity,
16683,ray,rā,noun,sugár,beam|radius|gleam|bar|band|lane|strip|stripe,fénysugár|sáv
16684,rayless,,,rayless,,
16685,raze,rāz,verb,lerombol,"demolish|lay low|ruin|bulldoze|rase|rase","földdel egyenlővé tesz"
16686,razz,raz,,razz,,
16687,razzing,,,razzing,,
16688,razzle-dazzle,"ˌrazəl ˈdazəl",noun,dínomdánom,,
16689,reach,rēCH,noun,elérés,"distance|mileage|fetch|remove|way|extent|extension|scope|dimension|expanse|limit of power|purview|authority|extent|function",távolság|kiterjedés|hatáskör
16690,reachable,,,megközelíthető,,
16691,reacquire,ˌrēəˈkwī(ə)r,,megszerezhették,,
16692,react,rēˈakt,verb,reagál,respond|respond|impress|actuate,"visszahat|hatással van"
16693,reaction,rēˈakSHən,noun,reakció,response|response|answer|reply|rejoinder|replication|counteraction|retroactivity|revulsion|retroaction,válasz|ellenhatás|visszahatás
16694,reactionary,rēˈakSHəˌnerē,adjective,reakciós,reactionist,
16695,reactionaryism,,,reactionaryism,,
16696,read,rēd,verb,olvas,"peruse|learn|study|read into",elolvas|leolvas|tanul
16697,readdress,ˌrēəˈdres,,újravizsgálja,,
16698,reader,ˈrēdər,noun,olvasó,"rosary|reader in university","egyetemi docens|olvasókönyv"
16699,readily,ˈredl-ē,adverb,készségesen,"willingly|fain|with pleasure|willingly",szívesen
16700,reading,ˈrēdiNG,noun,olvasás,read|lecture|perusal|literacy,olvasmány|felolvasás|elolvasás|olvasottság
16701,ready,ˈredē,adjective,kész,thoroughgoing|willing|finished|finite|handy,"hajlandó|befejezett|kéznél levő"
16702,ready-made,,noun,készáru,reach-me-down|slopwork|confection|ready-to-wear|reach-me-down,készruha|konfekció
16703,real,"rāˈäl,ˈrē(ə)l",adjective,igazi,very|pukka|pucka|simon-pure|genuine|actual|authentic|very|intrinsic|actual|effective|factual|virtual|substantive|actual|veritable|very|factual|live|reasonable|down-to-earth|material,valódi|tényleges|valóságos|reális|dologi
16704,"real estate",,noun,ingatlan,property|messuage,
16705,realism,ˈrēəˌlizəm,noun,realizmus,verisimilitude,valószerűség
16706,realistic,ˌrēəˈlistik,adjective,valószerű,"lifelike|to the life|practical|realist|hard-headed|worldly-wise",élethű|gyakorlatias
16707,reality,rēˈalətē,noun,valóság,truth|fact|verity|entity|sooth|actuality,realitás
16708,realizable,ˌrēəˈlīzəbəl,adjective,megvalósítható,feasible|practicable|achievable|doable|devisable|negotiable,értékesíthető
16709,realization,ˌrē(ə)ləˈzāSHən,noun,megvalósítás,implement|implementing|effectuation|fruition|fulfillment|effect|fulfilment|uptake|perception|sense|comprehension|apprehension,"megvalósulás|felfogás|felfogása vminek"
16710,realize,ˈrē(ə)ˌlīz,verb,megvalósítani,achieve|effect|effectuate|accomplish|materialize|execute|fulfil|enforce|implement|perform|comprehend|perceive|understand|grasp|apprehend,"megvalósít|rádöbben|végrehajt|felfog|pénzzé tesz"
16711,really,ˈrē(ə)lē,adverb,igazán,"truly|sure|in sooth|indeed|truly|verily|in earnest|in point of fact|indeed|positively",valóban|tényleg
16712,realm,relm,noun,birodalom,kingdom|monarchy|kingship|royalty|state,királyság|állam
16713,ream,rēm,noun,rizsma,,
16714,"ream out",,,kiürül,,
16715,reams,,noun,reams,ream,rizsma
16716,reanalyze,,,reanalyze,,
16717,reanimate,rēˈanəˌmāt,verb,"újra életre kelt",invigorate,"felpezsdít|bátorságot önt valakibe"
16718,reanimated,,verb,feléled,reanimate|invigorate|reanimate|reanimate,"újra életre kelt|felpezsdít|bátorságot önt valakibe"
16719,reanimation,,,újraélesztés,,
16720,reap,rēp,verb,arat,"harvest|crop|mow down",lekaszál
16721,reappraisal,,noun,újraértékelés,revaluation,
16722,rear,ri(ə)r,adjective,hátulsó,hind|posterior|rearward|aft,"hátul levő"
16723,"rear end",,,"hátsó vég",,
16724,rearmost,ˈri(ə)rˌmōst,adjective,legutolsó,hindmost|latest|bottom|aftermost|lattermost|ultima,leghátulsó
16725,rearward,ˈri(ə)rwərd,adjective,hátulsó,hind|rear|posterior|aft,
16726,rearwards,,adverb,hátra,back|behind|aback,
16727,reason,ˈrēzən,noun,ok,cause|motive|meaning|intellect|intelligence|mind|comprehension|motive|motivation|inducement|cause|grounds,értelem|indíték
16728,reasonable,ˈrēz(ə)nəbəl,adjective,ésszerű,rational|logical|feasible|even-handed|real|down-to-earth|thinking|thoughtful|pensive|reasoning,méltányos|reális|gondolkodó
16729,reasonably,ˈrēz(ə)nəblē,adverb,ésszerűen,rationally|consequently|rather|fairly|pretty|enough,meglehetősen
16730,reasoned,ˈrēzənd,verb,indokolt,"reason|unfold|dwell on|reason|deliberate|reconsider|think better of it",fejteget|meggondol
16731,reasoning,ˈrēzəniNG,noun,érvelés,argument|argumentation|thinking|thought|debate|dispute|discussion|argument|controversy,gondolkodás|vita
16732,reassurance,ˌrēəˈSHo͝orəns,noun,megnyugtatás,assuagement,
16733,reassure,ˌrēəˈSHo͝or,verb,megnyugtat,"quiet down|still|quell|calm down|quiet|encourage|hold out|embolden|encourage|hearten",biztat|felbátorít
16734,reata,,,reata,,
16735,rebarbative,,,rebarbative,,
16736,rebel,,noun,lázadó,mutineer|rioter|insurgent|riser|insurrectionist|rioter|mutineer,felkelő|zendülő
16737,"rebel against",,,"lázadjon ellen",,
16738,rebellion,riˈbelyən,noun,lázadó,revolt|riot|mutiny|insurgency|insurrection|riot|mutiny|sedition|affray,lázadás|zendülés
16739,rebellious,riˈbelyəs,adjective,lázadó,insurgent|revolting|mutinous|seditious|insurrectionary|seditious|mutinous,zendülő
16740,rebelliousness,,,rebelliousness,,
16741,rebirth,"rēˈbərTH,ˈrēˌbərTH",noun,újjászületés,"regeneration|renascence|palingenesis|greening|revival|rejuvenescence|renascence|kiss of life",újjáéledés
16742,reborn,rēˈbôrn,,újjászületett,,
16743,rebound,,verb,visszapattan,bounce|recoil|ricochet|recoil,visszaugrik
16744,rebuff,riˈbəf,noun,visszautasítás,reject|refusal|rejection|non-acceptance|set-down|rejection|denial|refusal|dismissal|disavowal,elutasítás
16745,rebuke,riˈbyo͞ok,noun,rendreutasítás,,megdorgálás
16746,rebut,riˈbət,verb,visszaver,"refute|disprove|contradict|repel|repulse|reverberate|give back|beat off|echo",megcáfol
16747,rebuttal,riˈbətl,noun,cáfolat,refutation|disproof|contradiction|dementi|refutation,megcáfolás
16748,recalcitrance,,noun,ellenszegülés,defiance,
16749,recalcitrant,riˈkalsətrənt,adjective,makacs,stubborn|obstinate|obdurate|intractable|dogged|headstrong|hard-mouthed|contrary|inverse|adverse|dissentient,akaratos|ellenkező
16750,recall,,noun,visszahívás,reminiscences|recollection|reminiscence|tattoo,visszaemlékezés|takarodó
16751,recant,riˈkant,verb,"megtagad állítást",,"visszavon állítást"
16752,recap,,verb,újrafutóz,,"újra bedugaszol"
16753,recapitulate,ˌrēkəˈpiCHəˌlāt,verb,ismétel,repeat|reiterate|replicate|re-echo|precis,"röviden összefoglal"
16754,recapitulation,ˌrēkəˌpiCHəˈlāSHən,noun,összegzés,summary|summation|sum|epitome|summing-up,"ismétlő összefoglalás"
16755,recapture,rēˈkapCHər,noun,visszafoglalás,,visszavétel
16756,recast,rēˈkast,noun,átdolgozás,transfusion,"átöntés|új kalkuláció|új szereposztás"
16757,recede,riˈsēd,verb,hátrál,"back|flinch|move back|retrograde|withdraw|retreat|retire|haul off|retrograde|stop|desist",visszavonul|eláll
16758,receive,riˈsēv,verb,kap,"get|take|take over",részesül|átvesz
16759,received,,adjective,kapott,,befogadott
16760,recently,ˈrēsəntlē,adverb,mostanában,"lately|lately|late|nowadays|one of these days|latterly|of late","nemrég|utóbbi időben"
16761,receptacle,riˈseptikəl,noun,tartály,"container|tank|plug|jack|communicating|joiner|electrical outlet|rendezvous",csatlakozó|gyűjtőedény|gyülekezőhely
16762,reception,riˈsepSHən,noun,recepció,bet|betting|wager|affiliation|takeover|recording|intake|enrollment|affiliation|enrolment,fogadás|befogadás|átvétel|felvétel
16763,receptive,riˈseptiv,adjective,fogékony,susceptible|responsive|recipient|impulsive|docile|recipient|affiliated,befogadó
16764,recess,"riˈses,ˈrēˌses",noun,mélyedés,vacation|nook|corner,"szünidő|eldugott hely|zug"
16765,recessed,,verb,süllyesztett,ream|gouge|groove|recess|hollow|deepen|pierce|recess,kiváj|kifúr
16766,recession,riˈseSHən,noun,recesszió,"regression|regress|retreat|retirement|sequestration|backdown|backward movement","gazdasági pangás|gazdasági hanyatlás|hátrálás|visszavonulás"
16767,recessive,riˈsesiv,adjective,recesszív,,"hátrafelé mozgó"
16768,recharge,,,feltöltés,,
16769,recherche,,,keresés,,
16770,recipe,ˈresəˌpē,noun,recept,imposition|regulation|rule|ordinance|observance,"előírás|recept ételé|rendelvény"
16771,reciprocal,riˈsiprəkəl,adjective,kölcsönös,mutual|bilateral|mutual,viszonos
16772,reciprocate,riˈsiprəˌkāt,verb,"előre-hátra mozgat",,"viszonoz vmit"
16773,recision,,,recision,,
16774,recite,riˈsīt,verb,szaval,"tell|relate|recount|set out|narrate|declaim|hold forth|perform|play|lecture|sing|prelect|cancel",elmond|előad|visszamond
16775,reckless,ˈrekləs,adjective,vakmerő,daring|foolhardy|audacious|fearless|temerarious|thoughtless|imprudent|rash|unthinking|unwary,meggondolatlan
16776,reckon,ˈrekən,verb,számol,count|calculate|figure|calculate|anticipate|think|believe|expect|figure|opine|think|believe|deem|presume|opine,számít|gondol|vél
16777,reckoning,ˈrekəniNG,noun,leszámolás,"pay-off|off reckoning|pay-off|counting|count|calculation|numeration","elszámolás|számolás|számla vendéglőben"
16778,reclaim,riˈklām,verb,visszakövetel,"claim back|cure",kigyógyít
16779,reclamation,,noun,regenerálás,restitution|reconstruction|renovation|recuperation|rebuilding|melioration|reformation|normalization|consumption|application|utilization|expenditure|exercise|correction|refit|mending|readjustment|refitment|restoration,helyreállítás|megjavítás|kigyógyítás|megjavulás|felhasználás|kijavítás|restaurálás
16780,reclame,,,hirdetés,,
16781,recluse,"riˈklo͞os,ˈrekˌlo͞os,ˈrekˌlo͞oz",noun,remete,hermit|solitary|anchorite|eremite|anchor,visszavonultság
16782,recognize,"ˈrekigˌnīz,ˈrekə(g)ˌnīz",verb,elismerik,"identify|perceive|distinguish|acknowledge|admit|concede|avow|identify|meet|cognize|ken|accept|adopt|adapt|acknowledge|put up with",felismer|elismer|ráismer|megismer|elfogad
16783,recognized,,verb,elismert,"recognize|identify|perceive|distinguish|acknowledge|recognize|admit|concede|avow|recognize|identify|meet|recognize|cognize|ken|accept|adopt|recognize|adapt|acknowledge|put up with",felismer|elismer|ráismer|megismer|elfogad
16784,recoil,,noun,hátrasiklás,rebound,"visszaugrás|visszaütés lőfegyvernél"
16785,recollect,ˌrekəˈlekt,verb,visszagondol,remember|recall,"visszaemlékezik|emlékezik|újra összegyűjt"
16786,re-collect,ˌrēkəˈlekt,verb,"újra gyűjteni",recollect|recollect|remember|recall|recollect|recollect,"visszagondol|visszaemlékezik|emlékezik|újra összegyűjt"
16787,recollected,,verb,emlékezett,recollect|recollect|remember|recall|recollect|recollect,"visszagondol|visszaemlékezik|emlékezik|újra összegyűjt"
16788,recollection,ˌrekəˈlekSHən,noun,emlékezés,remembrance|memory|remembrance|relic|reminiscence|vestige|reminiscences|recall|reminiscence|contemplation|meditation,emlék|visszaemlékezés|merengés
16789,recommend,ˌrekəˈmend,verb,ajánl,offer|propose|proffer|commend|propone|propose|suggest|propound|advise|counsel|suggest,javasol|tanácsol
16790,recompense,ˈrekəmˌpens,noun,jutalom,reward|prize|premium|meed|remuneration|compensation|restitution|indemnification|reciprocation|compensation|repayment|requital,kárpótlás|viszonzás
16791,reconceive,,,reconceive,,
16792,reconcile,ˈrekənˌsīl,verb,összeegyeztetni,"pacify|placate|conciliate|appease|tranquillize|quell|calm down|hush",kibékít|lecsillapít|megbékél
16793,recondite,"riˈkän-,ˈrekənˌdīt",adjective,rejtélyes,mysterious|uncanny|enigmatic|cryptic|baffling|obscure|vague|dim|unclear|hazy|mysterious|deep|profound|capacious|low-pitched,homályos|rejtelmes|mély
16794,recondition,ˌrēkənˈdiSHən,verb,kijavít,"correct|refit|touch up|make good|sub-edit|redo|recover|supply|build up|readjust","helyrehoz|renovál|újra alakít"
16795,reconsider,ˌrēkənˈsidər,verb,felül,"supervise|check up|reason|deliberate|think better of it",felülvizsgál|meggondol
16796,reconsideration,,,felülvizsgálati,,
16797,record,,noun,rekord,recording|memorandum|memo|minute|minutes|protocol|report|verbatim,feljegyzés|jegyzőkönyv|hanglemez
16798,recount,riˈkount,noun,újraszámlálás,,
16799,recoup,riˈko͞op,verb,visszatart,"hold back|hold in|keep in|retain|restrain|compensate|make up|indemnify|condone|make it up|indemnify","kárpótol|kártalanít|kipótol|levon követelt összegből|visszatart összegből|levonásba hoz"
16800,recoupment,,noun,költséglevonás,,
16801,recourse,"riˈkôrs,ˈrēˌkôrs",noun,igénybevétele,shelter|refuge|mew|concealment|resource|resort,"menedék|folyamodás valamihez|menekvés valamihez"
16802,recover,riˈkəvər,verb,visszaszerez,"redeem|retrieve|regain|recuperate|get well|pull through|regain|get back|retrieve|resume|recuperate|recondition|redo|supply|build up|readjust|pull out",meggyógyul|visszanyer|helyrehoz|kivétel
16803,recovery,riˈkəvərē,noun,felépülés,recuperation|retrieval|healing|recruitment|return|recurrence|comeback|regression|regress|compensation|damages|indemnity,"visszaszerzés|visszanyerés|gyógyulás|visszatérés|kártérítés|megtalálás|harcból való kilépés"
16804,recreant,,,nyaraló,,
16805,recreate,ˌrēkrēˈāt,verb,felüdít,refresh|freshen,
16806,recreated,,verb,újra,refresh|recreate|freshen,felüdít
16807,recreation,"ˈˌrēkrēˈāSHən,ˌrekrēˈāSHən",noun,pihenés,"rest|relaxation|repose|halt|entertainment|pastime|junket|high jinks",üdülés|szórakozás
16808,"recreational vehicle",,,lakóautó,,
16809,recruit,riˈkro͞ot,noun,újonc,rookie|newcomer|freshman|trainee|neophyte|beginner|debutant,kezdő
16810,rectifier,ˈrektəˌfīər,noun,egyenirányító,,helyrehozó
16811,rectify,ˈrektəˌfī,verb,orvoslására,correct|adjust,helyesbít|kiigazít
16812,rectifying,,verb,egyengető,correct|rectify|adjust|rectify,helyesbít|kiigazít
16813,rectitude,ˈrektəˌt(y)o͞od,noun,egyenesség,straightness|straightforwardness|directness|straight|honesty|integrity|probity|four-square,becsületesség
16814,recuperate,riˈko͞opəˌrāt,verb,meggyógyul,"recover|get well|pull through|regain|recover|get back|retrieve|resume","rendbe jön|visszanyer|talpra áll"
16815,recuperation,riˌko͞opəˈrāSHən,noun,helyreállítás,restitution|reconstruction|renovation|rebuilding|reclamation|retrieval|recovery,visszaszerzés
16816,recurrent,"-ˈkə-rənt,riˈkərənt",adjective,visszatérő,recurring|pass-out|re-entrant|circular|recurring|iterative,ismétlődő|felújuló
16817,recurring,,adjective,ismétlődő,recurrent|iterative|recurrent|pass-out|re-entrant|circular,visszatérő|kiújuló
16818,recusant,,,tiltakozás,,
16819,recycle,rēˈsīkəl,verb,Újrahasznosít,,"visszakeringtet|újra hasznosít"
16820,red,red,adjective,piros,gules|rufous,vörös
16821,"red alert",,,"vörös riasztás",,
16822,"red flag",,,"piros zászló",,
16823,"red hot",,,"forró vörös",,
16824,"red light",,,"piros fény",,
16825,red-blooded,,adjective,rámenős,energetic|forceful|aggressive|peppy|up-and-coming|brash|zippy|dashing|pushful|go-ahead,energikus
16826,"redd  out",,,"redd out",,
16827,"redd up",,,"redd fel",,
16828,redden,ˈredn,verb,vörösödik,"blush|become flushed",elpirul|vörösít
16829,redeem,riˈdēm,verb,megvált,"commute|buy|make amends|heal|make good|ransom|check out|repay|recover|retrieve|regain",visszavásárol|jóvátesz|kivált|törleszt|visszaszerez
16830,redeemable,,adjective,váltható,corrigible,helyrehozható
16831,redeemer,riˈdēmər,noun,Megváltó,savior|saver|saviour,megmentő
16832,redefine,ˌrēdiˈfīn,,újradefiniál,,
16833,red-hot,,adjective,"forró vörös",flaming|blazing|ablaze|flamy|flaring|passionate|impassioned|hot|passional|hectic|fresh|new|cool|lush,"vörösen izzó|lángoló|szenvedélyes|friss"
16834,redirect,,,átirányítási,,
16835,redo,,verb,újra,"recondition|recover|supply|build up|readjust","helyrehoz|újra kifest"
